Бренд;Товар;Ссылка
Merry Future Store;802,11 n/g/b Mini 300M USB2.0 MT7601U Wi-Fi адаптер Wifi LAN адаптер беспроводной Wi-Fi ключ сетевая карта;https://aliexpress.ru/item/1005001905883546.html?sku_id=12000018076769803
Hagibis Official Store;Hagibis Switch док-станция для ТВ док-станция для Nintendo Switch переносная док-станция USB C до 4K HDMI USB 3,0 зарядка PD для НС Macbook Pro;https://aliexpress.ru/item/1005001482704948.html?sku_id=12000020002092377
A+ Dropship Store;USB-разветвитель для компьютера, ноутбука, настольного компьютера;https://aliexpress.ru/item/1005005128845142.html?sku_id=12000031772387291
BlitzWolf Direct Store;BlitzWolf BW-KB2 механическая клавиатура 87 клавиш Проводная клавиатура Gateron оптический переключатель популярная сменная RGB NKRO Type-C игровая клавиат...;https://aliexpress.ru/item/1005004230581254.html?sku_id=12000032063958681
Sincoole Store;Портативный интеллектуальный терминал считывания и записи Sincoole UHF, 4,3-дюймовая Система Android 9.0, ультрадальнее считывание и запись UHF;https://aliexpress.ru/item/1005004700274048.html?sku_id=12000030149350453
TECHNOISLAND Store;Накопитель USB 3.0 16Гб Netac U116 (NT03U116N-016G-30WH), белый;https://aliexpress.ru/item/1005004909970265.html?sku_id=12000031249284613
Hagibis Official Store;USB C док-станция hagibus с двойным HDMI-совместимым M.2 SSD корпусом Ethernet 100 Вт PD usb-хаб SD/TF для ноутбука Macbook Pro;https://aliexpress.ru/item/1005004316858924.html?sku_id=12000030864132802
TechWorld Store Store;Оперативная память Patriot Memory PSD44G266641 2666 МГц;https://aliexpress.ru/item/1005005119919878.html?sku_id=12000031737109797
Avtolife Store;Флэш-накопитель USB 8Гб Smart Buy Click синяя 23681;https://aliexpress.ru/item/1005005297618251.html?sku_id=12000032535324167
Android Smartphone Wholesale Store;2023 смартфон, Snapdragon 8 Gen 1, 16 ГБ + 1 ТБ;https://aliexpress.ru/item/1005005349376734.html?sku_id=12000032709028612
Shop1100126011 Store;Olevo Бесшумная беспроводная мышь, Bluetooth, беспроводная компьютерная мышь, розовая, зеленая, эргономичная мини-мышь, USB оптическая мышь для ПК, н...;https://aliexpress.ru/item/1005003939327847.html?sku_id=12000032773195306
Transelectro Store;Флэш-диск 64 Гб TORNADO белый корпус;https://aliexpress.ru/item/1005005329323162.html?sku_id=12000032640475783
Avtolife Store;Флэш-накопитель USB 16Гб Smart Buy Dock красная 24862;https://aliexpress.ru/item/1005005297774624.html?sku_id=12000032535983019
Ajazz Global Store;Клавиатура AJAZZ AK992 игровая механическая, RGB, 100 клавиши, USB, 2,4 ГГц;https://aliexpress.ru/item/1005005171727305.html?sku_id=12000032362924883
SZXYD Store;Портативный монитор для ноутбука 14,0 дюйма 15,6 P ips FHD, дополнительный экран для внешнего расширения ps4/5Switch, удобный монитор;https://aliexpress.ru/item/1005005211629407.html?sku_id=12000032193415301
Avtolife Store;Внешний USB аккумулятор 10400 mAh с дисп. Romoss PH5;https://aliexpress.ru/item/1005005297542688.html?sku_id=12000032535115751
Transelectro Store;Флэш-диск 16 Гб TORNADO черный корпус;https://aliexpress.ru/item/1005005329258436.html?sku_id=12000032640295869
IronArrow Store;10 шт./упаковка, сетевые Ethernet-порты Keystone Jack CAT5 10P10C RJ50;https://aliexpress.ru/item/1005002357365304.html?sku_id=12000020270629348
Transelectro Store;Флэш-диск 32 Гб TORNADO черный корпус;https://aliexpress.ru/item/1005005329298299.html?sku_id=12000032640554259
BYONE Official Store;Игровой ноутбук Byone AMD Ryzen R5 5600U DDR4 16 ГБ 32 ГБ ОЗУ 512 ГБ 1 ТБ SSD Windows11 компьютер AMD Ryzen R3 15,6 дюйма дизайнерские ноутбуки;https://aliexpress.ru/item/1005004082270116.html?sku_id=12000028591205699
